valid_loss,val_acc,epoch,step,train_loss,train_acc
0.4010954797267914,0.9169143438339233,0,86,,
,,0,86,0.5674270391464233,0.7680975794792175
