train_loss,epoch,step
0.661274790763855,0,0
2.660160541534424,0,1
0.4266410171985626,0,2
1.17734694480896,0,3
0.6409290432929993,0,4
