train_loss,epoch,step
0.8216315507888794,0,0
0.3121435046195984,0,1
4.284538269042969,0,2
0.7731393575668335,0,3
