train_loss,epoch,step,valid_loss
0.5448436141014099,0,31,
,0,56,0.5204485058784485
0.5409064292907715,1,63,
