valid_loss,val_acc,epoch,step,train_loss,train_acc
0.4106535017490387,0.9265393018722534,0,86,,
,,0,86,0.5886451601982117,0.7439674735069275
