train_loss,epoch,step
0.8265151977539062,0,0
0.7755390405654907,0,1
0.7444837689399719,0,2
0.6719135046005249,0,3
0.5235618948936462,0,4
0.7276853919029236,0,5
0.8752602338790894,0,6
0.6887659430503845,0,7
0.5812963247299194,0,8
0.5805935859680176,0,9
0.7818626165390015,0,10
0.5615373849868774,0,11
0.5406835079193115,0,12
0.7469232678413391,0,13
0.6295463442802429,0,14
0.9647403955459595,0,15
