train_loss,epoch,step
6.999798774719238,0,0
7.398659706115723,0,1
5.465419769287109,0,2
4.302183628082275,0,3
