valid_loss,val_acc,epoch,step,train_loss,train_acc
0.0010527794947847724,0.999750018119812,0,781,,
,,0,781,0.013160566799342632,0.9960500001907349
