valid_loss,val_acc,epoch,step,train_loss,train_acc
0.00894857570528984,0.9974828362464905,0,773,,
,,0,773,0.13605736196041107,0.9508529305458069
