train_loss,epoch,step
0.7348046898841858,0,0
3.098886013031006,0,1
0.7024623155593872,0,2
1.0659513473510742,0,3
0.4767126142978668,0,4
0.48893970251083374,0,5
1.438498854637146,0,6
0.982347846031189,0,7
0.892509937286377,0,8
0.4958731532096863,0,9
0.6619758009910583,0,10
0.5614643692970276,0,11
0.7681580185890198,0,12
1.286600947380066,0,13
0.8515382409095764,0,14
